뉴스 URL,뉴스 제목
https://www.edaily.co.kr//News/Read?newsId=04408326642333576&mediaCodeNo=257,"""제2의 론스타·MBK 막아야…기업 경쟁력 보호 위한 규제 시급"""
https://www.edaily.co.kr//News/Read?newsId=04398486642333576&mediaCodeNo=257,골프장에 ‘5000억’ 투자?…도마 오른 교직원공제회
https://www.edaily.co.kr//News/Read?newsId=04286966642333576&mediaCodeNo=257,"정갑윤 교직원공제회 이사장 ""성비위 사건 유감…당사자·직원들에 사과"""
https://www.edaily.co.kr//News/Read?newsId=04244326642333576&mediaCodeNo=257,‘오래 잘나가는 기업’은 여성 인력을 키운다...“한국 중요한 변곡점”[마켓인]
https://www.edaily.co.kr//News/Read?newsId=04234486642333576&mediaCodeNo=257,‘M7’은 옛말?…서학개미 확 바뀐 장바구니는[주톡피아]
https://www.edaily.co.kr//News/Read?newsId=04214806642333576&mediaCodeNo=257,"“여성 리더십, 지속가능성의 핵심 동력”...세계여성이사협회 창립 9주년"
https://www.edaily.co.kr//News/Read?newsId=04155766642333576&mediaCodeNo=257,"앱튼, 150억 규모 주권 관련 사채권 취득 결정"
https://www.edaily.co.kr//News/Read?newsId=04129526642333576&mediaCodeNo=257,"'공시 번복' 셀루메드, 불성실공시법인 지정 예고"
https://www.edaily.co.kr//News/Read?newsId=04116406642333576&mediaCodeNo=257,"키이스트, 340억 규모 최대주주 변경 수반 주식양수도 계약"
https://www.edaily.co.kr//News/Read?newsId=04093446642333576&mediaCodeNo=257,"에스티큐브, '넬마스토바트' 2상 임상시험계획 승인"
https://www.edaily.co.kr//News/Read?newsId=04063926642333576&mediaCodeNo=257,"대동기어, 100억 규모 전환사채권 발행 결정"
https://www.edaily.co.kr//News/Read?newsId=04057366642333576&mediaCodeNo=257,"이삭엔지니어링, 벤처기업부로 소속부 변경"
https://www.edaily.co.kr//News/Read?newsId=04054086642333576&mediaCodeNo=257,"피노, 씨틱메탈과 118억 규모 구리 공급계약 체결"
https://www.edaily.co.kr//News/Read?newsId=04047526642333576&mediaCodeNo=257,"유비쿼스, 20억 규모 자사주 소각 결정"
https://www.edaily.co.kr//News/Read?newsId=04034406642333576&mediaCodeNo=257,"HLB, CB 전환가액 4만6167원으로 하향 조정"
https://www.edaily.co.kr//News/Read?newsId=04031126642333576&mediaCodeNo=257,"""교직원공제회, 사교육 주식투자로 손해봤다…투자기준 설정해야"""
https://www.edaily.co.kr//News/Read?newsId=04024566642333576&mediaCodeNo=257,"서울바이오시스, 3분기 매출 1873억…전년비 1.6%↑"
https://www.edaily.co.kr//News/Read?newsId=04018006642333576&mediaCodeNo=257,"웨이비스, 335억 BW 발행 결정… 반도체 생산 인프라 구축 본격화"
https://www.edaily.co.kr//News/Read?newsId=04008166642333576&mediaCodeNo=257,"서울반도체, 3분기 매출 2580억…전년비 14%↓"
https://www.edaily.co.kr//News/Read?newsId=03998326642333576&mediaCodeNo=257,증시 불장에 실적도 순항…증권株 전고점 돌파 언제
